{
    "0": 0.06379409811340629,
    "1": 0.04312044654339859,
    "2": 0.05644581456937682,
    "3": 0.05043049824344811,
    "4": 0.05399351839106194,
    "5": 0.10784625719867112,
    "6": 0.051114980969664096,
    "7": 0.08330163265535066,
    "8": 0.0706577754988563,
    "9": 0.07887604779259097,
    "10": 0.048902330248878044,
    "11": 0.16948058939251914,
    "12": 0.04854713957272082,
    "13": 0.034338176131130146,
    "14": 0.2312131682448622,
    "15": 0.1353209026994992,
    "16": 0.06954218415098345,
    "17": 0.15400212932973142,
    "18": 0.01996425075889859,
    "19": 0.067428582479077,
    "20": 0.20082926699934436,
    "21": 0.287532457868907,
    "22": 0.15852880344197465,
    "23": 0.06725302883455425,
    "24": 0.058180327683714166,
    "25": 0.06597929268600504,
    "26": 0.11771777213185292,
    "27": 0.03011699376095892,
    "28": 0.07574900408720005,
    "29": 0.09950487121925532,
    "30": 0.2801393762440206,
    "31": 0.04571838754893339,
    "32": 0.035229777643961055,
    "33": 0.08265250466709059,
    "34": 0.1355191001418946,
    "35": 0.13153632021193767,
    "36": 0.21425045187138253,
    "37": 0.07325849381177733,
    "38": 0.24303115880404957,
    "39": 0.1042442459598538,
    "40": 0.015232108246220188,
    "41": 0.12628928108643805,
    "42": 0.07364588168061661,
    "43": 0.13745326523074766,
    "44": 0.10998464707927413,
    "45": 0.014509366971056394,
    "46": 0.1811106197438363,
    "47": 0.03715076134857996,
    "48": 0.11054641827756655,
    "49": 0.14507352689848882,
    "50": 0.3717095319796197,
    "51": 0.0684864362930685,
    "52": 0.05360277417965247,
    "53": 0.08668556762563445,
    "54": 0.02552384672703514,
    "55": 0.014722225612126216,
    "56": 0.2919102407263527,
    "57": 0.1379836626384763,
    "58": 0.06673926425762496,
    "59": 0.07653676357844083,
    "60": 0.08648240557562337,
    "61": 0.038992483839115036,
    "62": 0.12214556796540213,
    "63": 0.050767845091611696,
    "64": 0.2759083701548321,
    "65": 0.08015460986880196,
    "66": 0.09519572618234429,
    "67": 0.15900296401278083,
    "68": 0.03891250645040072,
    "69": 0.22486093453613898,
    "70": 0.06288458000343893,
    "71": 0.1251604623292566,
    "72": 0.03180160761583967,
    "73": 0.059257379286223405,
    "74": 0.03046499938909675,
    "75": 0.36176515802635695,
    "76": 0.02799219698330972,
    "77": 0.1459032929383018,
    "78": 0.08120935180227201,
    "79": 0.26307335365305656,
    "80": 0.04771579501648819,
    "81": 0.03872808099451595,
    "82": 0.020485630120263998,
    "83": 0.1357940187719276,
    "84": 0.06544160120176697,
    "85": 0.4071177602680204,
    "86": 0.028289853071383597,
    "87": 0.20744251917797565,
    "88": 0.03527981072308766,
    "89": 0.08654878410754939,
    "90": 0.10595947318703794,
    "91": 0.10548669531063364,
    "92": 0.03935451925098486,
    "93": 0.04601571909395974,
    "94": 0.1987269802961859,
    "95": 0.2143506138338647,
    "96": 0.06507226217192727,
    "97": 0.0488418839169175,
    "98": 0.06704790791075384,
    "99": 0.09968461593056317
}