{
    "0": 15.477389224207846,
    "1": 0.633872768808104,
    "2": 0.4780320389028909,
    "3": 0.4533219136963051,
    "4": 0.4795116058688,
    "5": 8.395984349817208,
    "6": 7.8298880434263785,
    "7": 10.435190303154553,
    "8": 6.523218042583838,
    "9": 9.168815200933322,
    "10": 7.954049187827538,
    "11": 0.7957529307514917,
    "12": 0.8109066814297236,
    "13": 5.608026131941124,
    "14": 9.729880071095717,
    "15": 6.663516289340287,
    "16": 9.143710347572869,
    "17": 0.4718208475118365,
    "18": 7.635708757461075,
    "19": 6.85245153312087,
    "20": 9.289866742899289,
    "21": 9.052401049612621,
    "22": 8.53037166753408,
    "23": 0.5669059955870793,
    "24": 8.890176972181633,
    "25": 0.5291241251743602,
    "26": 0.31472434947767214,
    "27": 0.6703805954919377,
    "28": 7.019210857318669,
    "29": 9.62636737008767,
    "30": 9.9200721229373,
    "31": 9.955751735286476,
    "32": 0.7187010082428664,
    "33": 0.3355665380333547,
    "34": 0.33852522693721737,
    "35": 7.362417451470407,
    "36": 8.545943247535062,
    "37": 8.930771984472532,
    "38": 8.015464899193821,
    "39": 0.46815356684086634,
    "40": 8.973053994771258,
    "41": 10.69563908246082,
    "42": 7.578336310342108,
    "43": 6.8139344373663775,
    "44": 9.110300259612334,
    "45": 0.42310058227944386,
    "46": 0.43979791347526337,
    "47": 0.9097933168205942,
    "48": 10.120746966045544,
    "49": 0.4646061764829325,
    "50": 6.940501716737051,
    "51": 9.530546101888962,
    "52": 2.130594361178689,
    "53": 0.7362792578928673,
    "54": 0.49112403923188364,
    "55": 0.29324990741525914,
    "56": 8.537669759249281,
    "57": 0.620413644037828,
    "58": 7.3895368638995285,
    "59": 0.6250444387329774,
    "60": 8.438884891294652,
    "61": 8.426290241696586,
    "62": 0.22638432437347347,
    "63": 0.5372133266143893,
    "64": 0.48830663608582586,
    "65": 0.4859187615732397,
    "66": 7.149009260466177,
    "67": 0.45234890351894547,
    "68": 9.322075586238652,
    "69": 0.3904064082656003,
    "70": 0.45022984579914566,
    "71": 8.841671005905713,
    "72": 9.177910126791874,
    "73": 10.41556481153535,
    "74": 9.286644028514965,
    "75": 9.129261951179027,
    "76": 0.41782276975744037,
    "77": 0.5071176896936783,
    "78": 0.4512598372960634,
    "79": 6.401560163981752,
    "80": 11.476065348436446,
    "81": 6.841709894633985,
    "82": 8.327579591694931,
    "83": 0.5819514396990225,
    "84": 6.678286784021094,
    "85": 0.5069510473727882,
    "86": 0.6946063939456976,
    "87": 0.4787560230746236,
    "88": 0.41662949972933966,
    "89": 11.00356830028907,
    "90": 9.19834939418305,
    "91": 0.5537677165013201,
    "92": 8.054722739748716,
    "93": 0.584868832531844,
    "94": 0.3059192489978087,
    "95": 9.400551355169288,
    "96": 0.5107333096238955,
    "97": 0.8118229060598797,
    "98": 0.7146558013071069,
    "99": 0.39991916088890606
}