{
    "0": 5.270187727324584,
    "1": 0.6472028012884371,
    "2": 1.8212435621424041,
    "3": 3.7014780161236502,
    "4": 7.988102722751391,
    "5": 6.504738272936707,
    "6": 0.995999643500969,
    "7": 0.979634918412815,
    "8": 6.589289453825824,
    "9": 7.173558187731965,
    "10": 4.628361231040317,
    "11": 0.49405331531720975,
    "12": 9.752780020860143,
    "13": 0.6164474232150623,
    "14": 0.5007996025139203,
    "15": 0.43675763469956563,
    "16": 6.603305406663307,
    "17": 7.225660734493522,
    "18": 6.736174554274607,
    "19": 6.2006467619820524,
    "20": 0.5990329498002487,
    "21": 6.898654782524439,
    "22": 0.2826491361029845,
    "23": 0.5440405407616575,
    "24": 0.9278416603505478,
    "25": 5.591734662780396,
    "26": 0.4300571058552919,
    "27": 3.2004778327416434,
    "28": 0.7726149921751936,
    "29": 10.96077930010642,
    "30": 2.4480125435203433,
    "31": 11.795827356806564,
    "32": 1.0747973123818266,
    "33": 2.3786871224706414,
    "34": 8.259867494606322,
    "35": 0.24730708196218543,
    "36": 5.821178669330646,
    "37": 0.3437641293311457,
    "38": 2.871671689577374,
    "39": 7.317556027799844,
    "40": 0.4927094768911197,
    "41": 0.5935967080349794,
    "42": 0.3051200308143007,
    "43": 1.2702826381831727,
    "44": 0.7616385029754357,
    "45": 8.6959000659403,
    "46": 0.5425988210208009,
    "47": 10.649607462184287,
    "48": 5.378556445034653,
    "49": 7.306854690162536,
    "50": 6.289521778587909,
    "51": 1.1519549768543174,
    "52": 11.272654031693559,
    "53": 2.3490600054464412,
    "54": 9.721541201107819,
    "55": 0.246567350017636,
    "56": 0.49840273115690265,
    "57": 3.38591919723658,
    "58": 0.5161070678198107,
    "59": 7.625916182474687,
    "60": 7.54984501817321,
    "61": 2.555414941992751,
    "62": 0.9789200945170166,
    "63": 3.1565536173723108,
    "64": 0.5490307514126823,
    "65": 9.849879011688166,
    "66": 0.31195429311090983,
    "67": 0.24034167586377023,
    "68": 8.266822463057876,
    "69": 5.876822869243604,
    "70": 0.27496641558841495,
    "71": 8.62500689271331,
    "72": 11.166331822029255,
    "73": 1.1998260029752197,
    "74": 6.869695939616606,
    "75": 0.298675580497428,
    "76": 0.7486164842769724,
    "77": 0.23416852541365146,
    "78": 9.343106279937466,
    "79": 1.9104425692470073,
    "80": 1.9607853382865446,
    "81": 0.5586888480112074,
    "82": 2.270704167227865,
    "83": 2.2966642128114407,
    "84": 0.8023818322326003,
    "85": 3.1444759323528753,
    "86": 6.902350989531351,
    "87": 0.35233150901090665,
    "88": 1.23742076598046,
    "89": 10.328920298913305,
    "90": 5.213376085652733,
    "91": 9.03811314991872,
    "92": 11.352065120739896,
    "93": 0.5355122842416087,
    "94": 0.9672301193574114,
    "95": 1.653915030215236,
    "96": 4.007170715566913,
    "97": 2.5149312685339917,
    "98": 5.2175580680740214,
    "99": 8.285712450497828
}